Region,Year,Month,AveragePrediction
Bourgogne-Franche-Comté,2013,January,3114.103748297284
Bourgogne-Franche-Comté,2013,February,3023.451590855313
Bourgogne-Franche-Comté,2013,March,2670.358248964967
Bourgogne-Franche-Comté,2013,April,2307.9863872522515
Bourgogne-Franche-Comté,2013,May,2109.9039907624674
Bourgogne-Franche-Comté,2013,June,2017.590974244074
Bourgogne-Franche-Comté,2013,July,2017.590974244074
Bourgogne-Franche-Comté,2013,August,2002.0415465906483
Bourgogne-Franche-Comté,2013,September,2002.0415465906483
Bourgogne-Franche-Comté,2013,October,2342.777719854172
Bourgogne-Franche-Comté,2013,November,2726.880174945745
Bourgogne-Franche-Comté,2013,December,2907.0951883459816
Bourgogne-Franche-Comté,2014,January,3114.103748297284
Bourgogne-Franche-Comté,2014,February,3023.451590855313
Bourgogne-Franche-Comté,2014,March,2670.358248964967
Bourgogne-Franche-Comté,2014,April,2307.9863872522515
Bourgogne-Franche-Comté,2014,May,2109.9039907624674
Bourgogne-Franche-Comté,2014,June,2017.590974244074
Bourgogne-Franche-Comté,2014,July,2017.590974244074
Bourgogne-Franche-Comté,2014,August,2002.0415465906483
Bourgogne-Franche-Comté,2014,September,2002.0415465906483
Bourgogne-Franche-Comté,2014,October,2342.777719854172
Bourgogne-Franche-Comté,2014,November,2726.880174945745
Bourgogne-Franche-Comté,2014,December,2907.0951883459816
Bourgogne-Franche-Comté,2015,January,3114.103748297284
Bourgogne-Franche-Comté,2015,February,3023.451590855313
Bourgogne-Franche-Comté,2015,March,2670.358248964967
Bourgogne-Franche-Comté,2015,April,2307.9863872522515
Bourgogne-Franche-Comté,2015,May,2109.9039907624674
Bourgogne-Franche-Comté,2015,June,2017.590974244074
Bourgogne-Franche-Comté,2015,July,2017.590974244074
Bourgogne-Franche-Comté,2015,August,2002.0415465906483
Bourgogne-Franche-Comté,2015,September,2002.0415465906483
Bourgogne-Franche-Comté,2015,October,2342.777719854172
Bourgogne-Franche-Comté,2015,November,2726.880174945745
Bourgogne-Franche-Comté,2015,December,2907.0951883459816
Bourgogne-Franche-Comté,2016,January,3114.103748297284
Bourgogne-Franche-Comté,2016,February,3023.451590855313
Bourgogne-Franche-Comté,2016,March,2670.358248964967
Bourgogne-Franche-Comté,2016,April,2307.9863872522515
Bourgogne-Franche-Comté,2016,May,2109.9039907624674
Bourgogne-Franche-Comté,2016,June,2017.590974244074
Bourgogne-Franche-Comté,2016,July,2017.590974244074
Bourgogne-Franche-Comté,2016,August,2002.0415465906483
Bourgogne-Franche-Comté,2016,September,2002.0415465906483
Bourgogne-Franche-Comté,2016,October,2342.777719854172
Bourgogne-Franche-Comté,2016,November,2726.880174945745
Bourgogne-Franche-Comté,2016,December,2907.0951883459816
Bourgogne-Franche-Comté,2017,January,3114.103748297284
Bourgogne-Franche-Comté,2017,February,3023.451590855313
Bourgogne-Franche-Comté,2017,March,2670.358248964967
Bourgogne-Franche-Comté,2017,April,2307.9863872522515
Bourgogne-Franche-Comté,2017,May,2109.9039907624674
Bourgogne-Franche-Comté,2017,June,2017.590974244074
Bourgogne-Franche-Comté,2017,July,2017.590974244074
Bourgogne-Franche-Comté,2017,August,2002.0415465906483
Bourgogne-Franche-Comté,2017,September,2002.0415465906483
Bourgogne-Franche-Comté,2017,October,2342.777719854172
Bourgogne-Franche-Comté,2017,November,2726.880174945745
Bourgogne-Franche-Comté,2017,December,2907.0951883459816
Bourgogne-Franche-Comté,2018,January,3114.103748297284
Bourgogne-Franche-Comté,2018,February,3023.451590855313
Bourgogne-Franche-Comté,2018,March,2670.358248964967
Bourgogne-Franche-Comté,2018,April,2307.9863872522515
Bourgogne-Franche-Comté,2018,May,2109.9039907624674
Bourgogne-Franche-Comté,2018,June,2017.590974244074
Bourgogne-Franche-Comté,2018,July,2017.590974244074
Bourgogne-Franche-Comté,2018,August,2002.0415465906483
Bourgogne-Franche-Comté,2018,September,2002.0415465906483
Bourgogne-Franche-Comté,2018,October,2342.777719854172
Bourgogne-Franche-Comté,2018,November,2726.880174945745
Bourgogne-Franche-Comté,2018,December,2907.0951883459816
Bourgogne-Franche-Comté,2019,January,3114.103748297284
Bourgogne-Franche-Comté,2019,February,3023.451590855313
Bourgogne-Franche-Comté,2019,March,2670.358248964967
Bourgogne-Franche-Comté,2019,April,2307.9863872522515
Bourgogne-Franche-Comté,2019,May,2109.9039907624674
Bourgogne-Franche-Comté,2019,June,2017.590974244074
Bourgogne-Franche-Comté,2019,July,2017.590974244074
Bourgogne-Franche-Comté,2019,August,2002.0415465906483
Bourgogne-Franche-Comté,2019,September,2002.0415465906483
Bourgogne-Franche-Comté,2019,October,2342.777719854172
Bourgogne-Franche-Comté,2019,November,2726.880174945745
Bourgogne-Franche-Comté,2019,December,2907.0951883459816
Bourgogne-Franche-Comté,2020,January,3114.103748297284
Bourgogne-Franche-Comté,2020,February,3023.451590855313
Bourgogne-Franche-Comté,2020,March,2670.358248964967
Bourgogne-Franche-Comté,2020,April,2307.9863872522515
Bourgogne-Franche-Comté,2020,May,2109.9039907624674
Bourgogne-Franche-Comté,2020,June,2017.590974244074
Bourgogne-Franche-Comté,2020,July,2017.590974244074
Bourgogne-Franche-Comté,2020,August,2002.0415465906483
Bourgogne-Franche-Comté,2020,September,2002.0415465906483
Bourgogne-Franche-Comté,2020,October,2342.777719854172
Bourgogne-Franche-Comté,2020,November,2726.880174945745
Bourgogne-Franche-Comté,2020,December,2907.0951883459816
Bourgogne-Franche-Comté,2021,January,3114.103748297284
Bourgogne-Franche-Comté,2021,February,3023.451590855313
Bourgogne-Franche-Comté,2021,March,2670.358248964967
Bourgogne-Franche-Comté,2021,April,2307.9863872522515
Bourgogne-Franche-Comté,2021,May,2109.9039907624674
Bourgogne-Franche-Comté,2021,June,2017.590974244074
Bourgogne-Franche-Comté,2021,July,2017.590974244074
Bourgogne-Franche-Comté,2021,August,2002.0415465906483
Bourgogne-Franche-Comté,2021,September,2002.0415465906483
Bourgogne-Franche-Comté,2021,October,2342.777719854172
Bourgogne-Franche-Comté,2021,November,2726.880174945745
Bourgogne-Franche-Comté,2021,December,2907.0951883459816
Bourgogne-Franche-Comté,2022,January,3114.103748297284
Bourgogne-Franche-Comté,2022,February,3023.451590855313
Bourgogne-Franche-Comté,2022,March,2670.358248964967
Bourgogne-Franche-Comté,2022,April,2307.9863872522515
Bourgogne-Franche-Comté,2022,May,2109.9039907624674
Normandie,2013,January,4104.179871218877
Normandie,2013,February,4024.189939521063
Normandie,2013,March,3638.1977406182814
Normandie,2013,April,3100.579448157724
Normandie,2013,May,2721.7516810890334
Normandie,2013,June,2537.7885053951018
Normandie,2013,July,2537.788505395102
Normandie,2013,August,2537.788505395102
Normandie,2013,September,2654.0652673448867
Normandie,2013,October,2976.7774241863985
Normandie,2013,November,3556.587479987196
Normandie,2013,December,3821.870609227887
Normandie,2014,January,4104.179871218877
Normandie,2014,February,4024.189939521063
Normandie,2014,March,3638.1977406182814
Normandie,2014,April,3100.579448157724
Normandie,2014,May,2721.7516810890334
Normandie,2014,June,2537.7885053951018
Normandie,2014,July,2537.788505395102
Normandie,2014,August,2537.788505395102
Normandie,2014,September,2654.0652673448867
Normandie,2014,October,2976.7774241863985
Normandie,2014,November,3556.587479987196
Normandie,2014,December,3821.870609227887
Normandie,2015,January,4104.179871218877
Normandie,2015,February,4024.189939521063
Normandie,2015,March,3638.1977406182814
Normandie,2015,April,3100.579448157724
Normandie,2015,May,2721.7516810890334
Normandie,2015,June,2537.7885053951018
Normandie,2015,July,2537.788505395102
Normandie,2015,August,2537.788505395102
Normandie,2015,September,2654.0652673448867
Normandie,2015,October,2976.7774241863985
Normandie,2015,November,3556.587479987196
Normandie,2015,December,3821.870609227887
Normandie,2016,January,4104.179871218877
Normandie,2016,February,4024.189939521063
Normandie,2016,March,3638.1977406182814
Normandie,2016,April,3100.579448157724
Normandie,2016,May,2721.7516810890334
Normandie,2016,June,2537.7885053951018
Normandie,2016,July,2537.788505395102
Normandie,2016,August,2537.788505395102
Normandie,2016,September,2654.0652673448867
Normandie,2016,October,2976.7774241863985
Normandie,2016,November,3556.587479987196
Normandie,2016,December,3821.870609227887
Normandie,2017,January,4104.179871218877
Normandie,2017,February,4024.189939521063
Normandie,2017,March,3638.1977406182814
Normandie,2017,April,3100.579448157724
Normandie,2017,May,2721.7516810890334
Normandie,2017,June,2537.7885053951018
Normandie,2017,July,2537.788505395102
Normandie,2017,August,2537.788505395102
Normandie,2017,September,2654.0652673448867
Normandie,2017,October,2976.7774241863985
Normandie,2017,November,3556.587479987196
Normandie,2017,December,3821.870609227887
Normandie,2018,January,4104.179871218877
Normandie,2018,February,4024.189939521063
Normandie,2018,March,3638.1977406182814
Normandie,2018,April,3100.579448157724
Normandie,2018,May,2721.7516810890334
Normandie,2018,June,2537.7885053951018
Normandie,2018,July,2537.788505395102
Normandie,2018,August,2537.788505395102
Normandie,2018,September,2654.0652673448867
Normandie,2018,October,2976.7774241863985
Normandie,2018,November,3556.587479987196
Normandie,2018,December,3821.870609227887
Normandie,2019,January,4104.179871218877
Normandie,2019,February,4024.189939521063
Normandie,2019,March,3638.1977406182814
Normandie,2019,April,3100.579448157724
Normandie,2019,May,2721.7516810890334
Normandie,2019,June,2537.7885053951018
Normandie,2019,July,2537.788505395102
Normandie,2019,August,2537.788505395102
Normandie,2019,September,2654.0652673448867
Normandie,2019,October,2976.7774241863985
Normandie,2019,November,3556.587479987196
Normandie,2019,December,3821.870609227887
Normandie,2020,January,4104.179871218877
Normandie,2020,February,4024.189939521063
Normandie,2020,March,3638.1977406182814
Normandie,2020,April,3100.579448157724
Normandie,2020,May,2721.7516810890334
Normandie,2020,June,2537.7885053951018
Normandie,2020,July,2537.788505395102
Normandie,2020,August,2537.788505395102
Normandie,2020,September,2654.0652673448867
Normandie,2020,October,2976.7774241863985
Normandie,2020,November,3556.587479987196
Normandie,2020,December,3821.870609227887
Normandie,2021,January,4104.179871218877
Normandie,2021,February,4024.189939521063
Normandie,2021,March,3638.1977406182814
Normandie,2021,April,3100.579448157724
Normandie,2021,May,2721.7516810890334
Normandie,2021,June,2537.7885053951018
Normandie,2021,July,2537.788505395102
Normandie,2021,August,2537.788505395102
Normandie,2021,September,2654.0652673448867
Normandie,2021,October,2976.7774241863985
Normandie,2021,November,3556.587479987196
Normandie,2021,December,3821.870609227887
Normandie,2022,January,4104.179871218877
Normandie,2022,February,4024.189939521063
Normandie,2022,March,3638.1977406182814
Normandie,2022,April,3100.579448157724
Normandie,2022,May,2721.7516810890334
Île-de-France,2013,January,10606.003143590004
Île-de-France,2013,February,10190.466461334334
Île-de-France,2013,March,9105.280224457809
Île-de-France,2013,April,7586.595069218032
Île-de-France,2013,May,6871.736890567466
Île-de-France,2013,June,6626.01320629733
Île-de-France,2013,July,6408.5624616867335
Île-de-France,2013,August,5819.990805250314
Île-de-France,2013,September,6647.078744024097
Île-de-France,2013,October,7575.086041873155
Île-de-France,2013,November,9176.09457813264
Île-de-France,2013,December,9919.639606683952
Île-de-France,2014,January,10606.003143590004
Île-de-France,2014,February,10190.466461334334
Île-de-France,2014,March,9105.280224457809
Île-de-France,2014,April,7586.595069218032
Île-de-France,2014,May,6871.736890567466
Île-de-France,2014,June,6626.01320629733
Île-de-France,2014,July,6408.5624616867335
Île-de-France,2014,August,5819.990805250314
Île-de-France,2014,September,6647.078744024097
Île-de-France,2014,October,7575.086041873155
Île-de-France,2014,November,9176.09457813264
Île-de-France,2014,December,9919.639606683952
Île-de-France,2015,January,10606.003143590004
Île-de-France,2015,February,10190.466461334334
Île-de-France,2015,March,9105.280224457809
Île-de-France,2015,April,7586.595069218032
Île-de-France,2015,May,6871.736890567466
Île-de-France,2015,June,6626.01320629733
Île-de-France,2015,July,6408.5624616867335
Île-de-France,2015,August,5819.990805250314
Île-de-France,2015,September,6647.078744024097
Île-de-France,2015,October,7575.086041873155
Île-de-France,2015,November,9176.09457813264
Île-de-France,2015,December,9919.639606683952
Île-de-France,2016,January,10606.003143590004
Île-de-France,2016,February,10190.466461334334
Île-de-France,2016,March,9105.280224457809
Île-de-France,2016,April,7586.595069218032
Île-de-France,2016,May,6871.736890567466
Île-de-France,2016,June,6626.01320629733
Île-de-France,2016,July,6408.5624616867335
Île-de-France,2016,August,5819.990805250314
Île-de-France,2016,September,6647.078744024097
Île-de-France,2016,October,7575.086041873155
Île-de-France,2016,November,9176.09457813264
Île-de-France,2016,December,9919.639606683952
Île-de-France,2017,January,10606.003143590004
Île-de-France,2017,February,10190.466461334334
Île-de-France,2017,March,9105.280224457809
Île-de-France,2017,April,7586.595069218032
Île-de-France,2017,May,6871.736890567466
Île-de-France,2017,June,6626.01320629733
Île-de-France,2017,July,6408.5624616867335
Île-de-France,2017,August,5819.990805250314
Île-de-France,2017,September,6647.078744024097
Île-de-France,2017,October,7575.086041873155
Île-de-France,2017,November,9176.09457813264
Île-de-France,2017,December,9919.639606683952
Île-de-France,2018,January,10606.003143590004
Île-de-France,2018,February,10190.466461334334
Île-de-France,2018,March,9105.280224457809
Île-de-France,2018,April,7586.595069218032
Île-de-France,2018,May,6871.736890567466
Île-de-France,2018,June,6626.01320629733
Île-de-France,2018,July,6408.5624616867335
Île-de-France,2018,August,5819.990805250314
Île-de-France,2018,September,6647.078744024097
Île-de-France,2018,October,7575.086041873155
Île-de-France,2018,November,9176.09457813264
Île-de-France,2018,December,9919.639606683952
Île-de-France,2019,January,10606.003143590004
Île-de-France,2019,February,10190.466461334334
Île-de-France,2019,March,9105.280224457809
Île-de-France,2019,April,7586.595069218032
Île-de-France,2019,May,6871.736890567466
Île-de-France,2019,June,6626.01320629733
Île-de-France,2019,July,6408.5624616867335
Île-de-France,2019,August,5819.990805250314
Île-de-France,2019,September,6647.078744024097
Île-de-France,2019,October,7575.086041873155
Île-de-France,2019,November,9176.09457813264
Île-de-France,2019,December,9919.639606683952
Île-de-France,2020,January,10606.003143590004
Île-de-France,2020,February,10190.466461334334
Île-de-France,2020,March,9105.280224457809
Île-de-France,2020,April,7586.595069218032
Île-de-France,2020,May,6871.736890567466
Île-de-France,2020,June,6626.01320629733
Île-de-France,2020,July,6408.5624616867335
Île-de-France,2020,August,5819.990805250314
Île-de-France,2020,September,6647.078744024097
Île-de-France,2020,October,7575.086041873155
Île-de-France,2020,November,9176.09457813264
Île-de-France,2020,December,9919.639606683952
Île-de-France,2021,January,10606.003143590004
Île-de-France,2021,February,10190.466461334334
Île-de-France,2021,March,9105.280224457809
Île-de-France,2021,April,7586.595069218032
Île-de-France,2021,May,6871.736890567466
Île-de-France,2021,June,6626.01320629733
Île-de-France,2021,July,6408.5624616867335
Île-de-France,2021,August,5819.990805250314
Île-de-France,2021,September,6647.078744024097
Île-de-France,2021,October,7575.086041873155
Île-de-France,2021,November,9176.09457813264
Île-de-France,2021,December,9919.639606683952
Île-de-France,2022,January,10606.003143590004
Île-de-France,2022,February,10190.466461334334
Île-de-France,2022,March,9105.280224457809
Île-de-France,2022,April,7586.595069218032
Île-de-France,2022,May,6871.736890567466
Bretagne,2013,January,3378.709815688144
Bretagne,2013,February,3302.5707261887874
Bretagne,2013,March,2972.353629053981
Bretagne,2013,April,2469.7672466538847
Bretagne,2013,May,2109.9039907624674
Bretagne,2013,June,2017.590974244074
Bretagne,2013,July,2017.590974244074
Bretagne,2013,August,2002.0415465906483
Bretagne,2013,September,2002.0415465906483
Bretagne,2013,October,2335.7778653811724
Bretagne,2013,November,2822.9279756077517
Bretagne,2013,December,3141.7236687580275
Bretagne,2014,January,3378.709815688144
Bretagne,2014,February,3302.5707261887874
Bretagne,2014,March,2972.353629053981
Bretagne,2014,April,2469.7672466538847
Bretagne,2014,May,2109.9039907624674
Bretagne,2014,June,2017.590974244074
Bretagne,2014,July,2017.590974244074
Bretagne,2014,August,2002.0415465906483
Bretagne,2014,September,2002.0415465906483
Bretagne,2014,October,2335.7778653811724
Bretagne,2014,November,2822.9279756077517
Bretagne,2014,December,3141.7236687580275
Bretagne,2015,January,3378.709815688144
Bretagne,2015,February,3302.5707261887874
Bretagne,2015,March,2972.353629053981
Bretagne,2015,April,2469.7672466538847
Bretagne,2015,May,2109.9039907624674
Bretagne,2015,June,2017.590974244074
Bretagne,2015,July,2017.590974244074
Bretagne,2015,August,2002.0415465906483
Bretagne,2015,September,2002.0415465906483
Bretagne,2015,October,2335.7778653811724
Bretagne,2015,November,2822.9279756077517
Bretagne,2015,December,3141.7236687580275
Bretagne,2016,January,3378.709815688144
Bretagne,2016,February,3302.5707261887874
Bretagne,2016,March,2972.353629053981
Bretagne,2016,April,2469.7672466538847
Bretagne,2016,May,2109.9039907624674
Bretagne,2016,June,2017.590974244074
Bretagne,2016,July,2017.590974244074
Bretagne,2016,August,2002.0415465906483
Bretagne,2016,September,2002.0415465906483
Bretagne,2016,October,2335.7778653811724
Bretagne,2016,November,2822.9279756077517
Bretagne,2016,December,3141.7236687580275
Bretagne,2017,January,3378.709815688144
Bretagne,2017,February,3302.5707261887874
Bretagne,2017,March,2972.353629053981
Bretagne,2017,April,2469.7672466538847
Bretagne,2017,May,2109.9039907624674
Bretagne,2017,June,2017.590974244074
Bretagne,2017,July,2017.590974244074
Bretagne,2017,August,2002.0415465906483
Bretagne,2017,September,2002.0415465906483
Bretagne,2017,October,2335.7778653811724
Bretagne,2017,November,2822.9279756077517
Bretagne,2017,December,3141.7236687580275
Bretagne,2018,January,3378.709815688144
Bretagne,2018,February,3302.5707261887874
Bretagne,2018,March,2972.353629053981
Bretagne,2018,April,2469.7672466538847
Bretagne,2018,May,2109.9039907624674
Bretagne,2018,June,2017.590974244074
Bretagne,2018,July,2017.590974244074
Bretagne,2018,August,2002.0415465906483
Bretagne,2018,September,2002.0415465906483
Bretagne,2018,October,2335.7778653811724
Bretagne,2018,November,2822.9279756077517
Bretagne,2018,December,3141.7236687580275
Bretagne,2019,January,3378.709815688144
Bretagne,2019,February,3302.5707261887874
Bretagne,2019,March,2972.353629053981
Bretagne,2019,April,2469.7672466538847
Bretagne,2019,May,2109.9039907624674
Bretagne,2019,June,2017.590974244074
Bretagne,2019,July,2017.590974244074
Bretagne,2019,August,2002.0415465906483
Bretagne,2019,September,2002.0415465906483
Bretagne,2019,October,2335.7778653811724
Bretagne,2019,November,2822.9279756077517
Bretagne,2019,December,3141.7236687580275
Bretagne,2020,January,3378.709815688144
Bretagne,2020,February,3302.5707261887874
Bretagne,2020,March,2972.353629053981
Bretagne,2020,April,2469.7672466538847
Bretagne,2020,May,2109.9039907624674
Bretagne,2020,June,2017.590974244074
Bretagne,2020,July,2017.590974244074
Bretagne,2020,August,2002.0415465906483
Bretagne,2020,September,2002.0415465906483
Bretagne,2020,October,2335.7778653811724
Bretagne,2020,November,2822.9279756077517
Bretagne,2020,December,3141.7236687580275
Bretagne,2021,January,3378.709815688144
Bretagne,2021,February,3302.5707261887874
Bretagne,2021,March,2972.353629053981
Bretagne,2021,April,2469.7672466538847
Bretagne,2021,May,2109.9039907624674
Bretagne,2021,June,2017.590974244074
Bretagne,2021,July,2017.590974244074
Bretagne,2021,August,2002.0415465906483
Bretagne,2021,September,2002.0415465906483
Bretagne,2021,October,2335.7778653811724
Bretagne,2021,November,2822.9279756077517
Bretagne,2021,December,3141.7236687580275
Bretagne,2022,January,3378.709815688144
Bretagne,2022,February,3302.5707261887874
Bretagne,2022,March,2972.353629053981
Bretagne,2022,April,2469.7672466538847
Bretagne,2022,May,2109.9039907624674
Nouvelle-Aquitaine,2013,January,6511.057667622084
Nouvelle-Aquitaine,2013,February,6198.895675916469
Nouvelle-Aquitaine,2013,March,5447.138559490761
Nouvelle-Aquitaine,2013,April,4605.868409553645
Nouvelle-Aquitaine,2013,May,4135.681917144037
Nouvelle-Aquitaine,2013,June,4025.587758745801
Nouvelle-Aquitaine,2013,July,4253.804442964552
Nouvelle-Aquitaine,2013,August,4079.6488060789848
Nouvelle-Aquitaine,2013,September,4104.300571213426
Nouvelle-Aquitaine,2013,October,4411.461735597272
Nouvelle-Aquitaine,2013,November,5493.234147597636
Nouvelle-Aquitaine,2013,December,6068.74339008263
Nouvelle-Aquitaine,2014,January,6511.057667622084
Nouvelle-Aquitaine,2014,February,6198.895675916469
Nouvelle-Aquitaine,2014,March,5447.138559490761
Nouvelle-Aquitaine,2014,April,4605.868409553645
Nouvelle-Aquitaine,2014,May,4135.681917144037
Nouvelle-Aquitaine,2014,June,4025.587758745801
Nouvelle-Aquitaine,2014,July,4253.804442964552
Nouvelle-Aquitaine,2014,August,4079.6488060789848
Nouvelle-Aquitaine,2014,September,4104.300571213426
Nouvelle-Aquitaine,2014,October,4411.461735597272
Nouvelle-Aquitaine,2014,November,5493.234147597636
Nouvelle-Aquitaine,2014,December,6068.74339008263
Nouvelle-Aquitaine,2015,January,6511.057667622084
Nouvelle-Aquitaine,2015,February,6198.895675916469
Nouvelle-Aquitaine,2015,March,5447.138559490761
Nouvelle-Aquitaine,2015,April,4605.868409553645
Nouvelle-Aquitaine,2015,May,4135.681917144037
Nouvelle-Aquitaine,2015,June,4025.587758745801
Nouvelle-Aquitaine,2015,July,4253.804442964552
Nouvelle-Aquitaine,2015,August,4079.6488060789848
Nouvelle-Aquitaine,2015,September,4104.300571213426
Nouvelle-Aquitaine,2015,October,4411.461735597272
Nouvelle-Aquitaine,2015,November,5493.234147597636
Nouvelle-Aquitaine,2015,December,6068.74339008263
Nouvelle-Aquitaine,2016,January,6511.057667622084
Nouvelle-Aquitaine,2016,February,6198.895675916469
Nouvelle-Aquitaine,2016,March,5447.138559490761
Nouvelle-Aquitaine,2016,April,4605.868409553645
Nouvelle-Aquitaine,2016,May,4135.681917144037
Nouvelle-Aquitaine,2016,June,4025.587758745801
Nouvelle-Aquitaine,2016,July,4253.804442964552
Nouvelle-Aquitaine,2016,August,4079.6488060789848
Nouvelle-Aquitaine,2016,September,4104.300571213426
Nouvelle-Aquitaine,2016,October,4411.461735597272
Nouvelle-Aquitaine,2016,November,5493.234147597636
Nouvelle-Aquitaine,2016,December,6068.74339008263
Nouvelle-Aquitaine,2017,January,6511.057667622084
Nouvelle-Aquitaine,2017,February,6198.895675916469
Nouvelle-Aquitaine,2017,March,5447.138559490761
Nouvelle-Aquitaine,2017,April,4605.868409553645
Nouvelle-Aquitaine,2017,May,4135.681917144037
Nouvelle-Aquitaine,2017,June,4025.587758745801
Nouvelle-Aquitaine,2017,July,4253.804442964552
Nouvelle-Aquitaine,2017,August,4079.6488060789848
Nouvelle-Aquitaine,2017,September,4104.300571213426
Nouvelle-Aquitaine,2017,October,4411.461735597272
Nouvelle-Aquitaine,2017,November,5493.234147597636
Nouvelle-Aquitaine,2017,December,6068.74339008263
Nouvelle-Aquitaine,2018,January,6511.057667622084
Nouvelle-Aquitaine,2018,February,6198.895675916469
Nouvelle-Aquitaine,2018,March,5447.138559490761
Nouvelle-Aquitaine,2018,April,4605.868409553645
Nouvelle-Aquitaine,2018,May,4135.681917144037
Nouvelle-Aquitaine,2018,June,4025.587758745801
Nouvelle-Aquitaine,2018,July,4253.804442964552
Nouvelle-Aquitaine,2018,August,4079.6488060789848
Nouvelle-Aquitaine,2018,September,4104.300571213426
Nouvelle-Aquitaine,2018,October,4411.461735597272
Nouvelle-Aquitaine,2018,November,5493.234147597636
Nouvelle-Aquitaine,2018,December,6068.74339008263
Nouvelle-Aquitaine,2019,January,6511.057667622084
Nouvelle-Aquitaine,2019,February,6198.895675916469
Nouvelle-Aquitaine,2019,March,5447.138559490761
Nouvelle-Aquitaine,2019,April,4605.868409553645
Nouvelle-Aquitaine,2019,May,4135.681917144037
Nouvelle-Aquitaine,2019,June,4025.587758745801
Nouvelle-Aquitaine,2019,July,4253.804442964552
Nouvelle-Aquitaine,2019,August,4079.6488060789848
Nouvelle-Aquitaine,2019,September,4104.300571213426
Nouvelle-Aquitaine,2019,October,4411.461735597272
Nouvelle-Aquitaine,2019,November,5493.234147597636
Nouvelle-Aquitaine,2019,December,6068.74339008263
Nouvelle-Aquitaine,2020,January,6511.057667622084
Nouvelle-Aquitaine,2020,February,6198.895675916469
Nouvelle-Aquitaine,2020,March,5447.138559490761
Nouvelle-Aquitaine,2020,April,4605.868409553645
Nouvelle-Aquitaine,2020,May,4135.681917144037
Nouvelle-Aquitaine,2020,June,4025.587758745801
Nouvelle-Aquitaine,2020,July,4253.804442964552
Nouvelle-Aquitaine,2020,August,4079.6488060789848
Nouvelle-Aquitaine,2020,September,4104.300571213426
Nouvelle-Aquitaine,2020,October,4411.461735597272
Nouvelle-Aquitaine,2020,November,5493.234147597636
Nouvelle-Aquitaine,2020,December,6068.74339008263
Nouvelle-Aquitaine,2021,January,6511.057667622084
Nouvelle-Aquitaine,2021,February,6198.895675916469
Nouvelle-Aquitaine,2021,March,5447.138559490761
Nouvelle-Aquitaine,2021,April,4605.868409553645
Nouvelle-Aquitaine,2021,May,4135.681917144037
Nouvelle-Aquitaine,2021,June,4025.587758745801
Nouvelle-Aquitaine,2021,July,4253.804442964552
Nouvelle-Aquitaine,2021,August,4079.6488060789848
Nouvelle-Aquitaine,2021,September,4104.300571213426
Nouvelle-Aquitaine,2021,October,4411.461735597272
Nouvelle-Aquitaine,2021,November,5493.234147597636
Nouvelle-Aquitaine,2021,December,6068.74339008263
Nouvelle-Aquitaine,2022,January,6511.057667622084
Nouvelle-Aquitaine,2022,February,6198.895675916469
Nouvelle-Aquitaine,2022,March,5447.138559490761
Nouvelle-Aquitaine,2022,April,4605.868409553645
Nouvelle-Aquitaine,2022,May,4135.681917144037
Hauts-de-France,2013,January,7184.67075688626
Hauts-de-France,2013,February,6985.444852396156
Hauts-de-France,2013,March,6338.613113563488
Hauts-de-France,2013,April,5541.180010932986
Hauts-de-France,2013,May,5098.515417109358
Hauts-de-France,2013,June,4953.447012665079
Hauts-de-France,2013,July,4845.563780940877
Hauts-de-France,2013,August,4468.1423229186485
Hauts-de-France,2013,September,5076.508748986488
Hauts-de-France,2013,October,5584.216187037165
Hauts-de-France,2013,November,6399.682200342229
Hauts-de-France,2013,December,6662.868078737993
Hauts-de-France,2014,January,7184.67075688626
Hauts-de-France,2014,February,6985.444852396156
Hauts-de-France,2014,March,6338.613113563488
Hauts-de-France,2014,April,5541.180010932986
Hauts-de-France,2014,May,5098.515417109358
Hauts-de-France,2014,June,4953.447012665079
Hauts-de-France,2014,July,4845.563780940877
Hauts-de-France,2014,August,4468.1423229186485
Hauts-de-France,2014,September,5076.508748986488
Hauts-de-France,2014,October,5584.216187037165
Hauts-de-France,2014,November,6399.682200342229
Hauts-de-France,2014,December,6662.868078737993
Hauts-de-France,2015,January,7184.67075688626
Hauts-de-France,2015,February,6985.444852396156
Hauts-de-France,2015,March,6338.613113563488
Hauts-de-France,2015,April,5541.180010932986
Hauts-de-France,2015,May,5098.515417109358
Hauts-de-France,2015,June,4953.447012665079
Hauts-de-France,2015,July,4845.563780940877
Hauts-de-France,2015,August,4468.1423229186485
Hauts-de-France,2015,September,5076.508748986488
Hauts-de-France,2015,October,5584.216187037165
Hauts-de-France,2015,November,6399.682200342229
Hauts-de-France,2015,December,6662.868078737993
Hauts-de-France,2016,January,7184.67075688626
Hauts-de-France,2016,February,6985.444852396156
Hauts-de-France,2016,March,6338.613113563488
Hauts-de-France,2016,April,5541.180010932986
Hauts-de-France,2016,May,5098.515417109358
Hauts-de-France,2016,June,4953.447012665079
Hauts-de-France,2016,July,4845.563780940877
Hauts-de-France,2016,August,4468.1423229186485
Hauts-de-France,2016,September,5076.508748986488
Hauts-de-France,2016,October,5584.216187037165
Hauts-de-France,2016,November,6399.682200342229
Hauts-de-France,2016,December,6662.868078737993
Hauts-de-France,2017,January,7184.67075688626
Hauts-de-France,2017,February,6985.444852396156
Hauts-de-France,2017,March,6338.613113563488
Hauts-de-France,2017,April,5541.180010932986
Hauts-de-France,2017,May,5098.515417109358
Hauts-de-France,2017,June,4953.447012665079
Hauts-de-France,2017,July,4845.563780940877
Hauts-de-France,2017,August,4468.1423229186485
Hauts-de-France,2017,September,5076.508748986488
Hauts-de-France,2017,October,5584.216187037165
Hauts-de-France,2017,November,6399.682200342229
Hauts-de-France,2017,December,6662.868078737993
Hauts-de-France,2018,January,7184.67075688626
Hauts-de-France,2018,February,6985.444852396156
Hauts-de-France,2018,March,6338.613113563488
Hauts-de-France,2018,April,5541.180010932986
Hauts-de-France,2018,May,5098.515417109358
Hauts-de-France,2018,June,4953.447012665079
Hauts-de-France,2018,July,4845.563780940877
Hauts-de-France,2018,August,4468.1423229186485
Hauts-de-France,2018,September,5076.508748986488
Hauts-de-France,2018,October,5584.216187037165
Hauts-de-France,2018,November,6399.682200342229
Hauts-de-France,2018,December,6662.868078737993
Hauts-de-France,2019,January,7184.67075688626
Hauts-de-France,2019,February,6985.444852396156
Hauts-de-France,2019,March,6338.613113563488
Hauts-de-France,2019,April,5541.180010932986
Hauts-de-France,2019,May,5098.515417109358
Hauts-de-France,2019,June,4953.447012665079
Hauts-de-France,2019,July,4845.563780940877
Hauts-de-France,2019,August,4468.1423229186485
Hauts-de-France,2019,September,5076.508748986488
Hauts-de-France,2019,October,5584.216187037165
Hauts-de-France,2019,November,6399.682200342229
Hauts-de-France,2019,December,6662.868078737993
Hauts-de-France,2020,January,7184.67075688626
Hauts-de-France,2020,February,6985.444852396156
Hauts-de-France,2020,March,6338.613113563488
Hauts-de-France,2020,April,5541.180010932986
Hauts-de-France,2020,May,5098.515417109358
Hauts-de-France,2020,June,4953.447012665079
Hauts-de-France,2020,July,4845.563780940877
Hauts-de-France,2020,August,4468.1423229186485
Hauts-de-France,2020,September,5076.508748986488
Hauts-de-France,2020,October,5584.216187037165
Hauts-de-France,2020,November,6399.682200342229
Hauts-de-France,2020,December,6662.868078737993
Hauts-de-France,2021,January,7184.67075688626
Hauts-de-France,2021,February,6985.444852396156
Hauts-de-France,2021,March,6338.613113563488
Hauts-de-France,2021,April,5541.180010932986
Hauts-de-France,2021,May,5098.515417109358
Hauts-de-France,2021,June,4953.447012665079
Hauts-de-France,2021,July,4845.563780940877
Hauts-de-France,2021,August,4468.1423229186485
Hauts-de-France,2021,September,5076.508748986488
Hauts-de-France,2021,October,5584.216187037165
Hauts-de-France,2021,November,6399.682200342229
Hauts-de-France,2021,December,6662.868078737993
Hauts-de-France,2022,January,7184.67075688626
Hauts-de-France,2022,February,6985.444852396156
Hauts-de-France,2022,March,6338.613113563488
Hauts-de-France,2022,April,5541.180010932986
Hauts-de-France,2022,May,5098.515417109358
Auvergne-Rhône-Alpes,2013,January,9658.298643721631
Auvergne-Rhône-Alpes,2013,February,9280.611822971288
Auvergne-Rhône-Alpes,2013,March,8293.025744818078
Auvergne-Rhône-Alpes,2013,April,7134.35561272941
Auvergne-Rhône-Alpes,2013,May,6480.390712120204
Auvergne-Rhône-Alpes,2013,June,6412.555534456869
Auvergne-Rhône-Alpes,2013,July,6474.660018049716
Auvergne-Rhône-Alpes,2013,August,5882.405387027635
Auvergne-Rhône-Alpes,2013,September,6423.62782672664
Auvergne-Rhône-Alpes,2013,October,7006.479469252255
Auvergne-Rhône-Alpes,2013,November,8212.62918922887
Auvergne-Rhône-Alpes,2013,December,9005.501237485585
Auvergne-Rhône-Alpes,2014,January,9658.298643721631
Auvergne-Rhône-Alpes,2014,February,9280.611822971288
Auvergne-Rhône-Alpes,2014,March,8293.025744818078
Auvergne-Rhône-Alpes,2014,April,7134.35561272941
Auvergne-Rhône-Alpes,2014,May,6480.390712120204
Auvergne-Rhône-Alpes,2014,June,6412.555534456869
Auvergne-Rhône-Alpes,2014,July,6474.660018049716
Auvergne-Rhône-Alpes,2014,August,5882.405387027635
Auvergne-Rhône-Alpes,2014,September,6423.62782672664
Auvergne-Rhône-Alpes,2014,October,7006.479469252255
Auvergne-Rhône-Alpes,2014,November,8212.62918922887
Auvergne-Rhône-Alpes,2014,December,9005.501237485585
Auvergne-Rhône-Alpes,2015,January,9658.298643721631
Auvergne-Rhône-Alpes,2015,February,9280.611822971288
Auvergne-Rhône-Alpes,2015,March,8293.025744818078
Auvergne-Rhône-Alpes,2015,April,7134.35561272941
Auvergne-Rhône-Alpes,2015,May,6480.390712120204
Auvergne-Rhône-Alpes,2015,June,6412.555534456869
Auvergne-Rhône-Alpes,2015,July,6474.660018049716
Auvergne-Rhône-Alpes,2015,August,5882.405387027635
Auvergne-Rhône-Alpes,2015,September,6423.62782672664
Auvergne-Rhône-Alpes,2015,October,7006.479469252255
Auvergne-Rhône-Alpes,2015,November,8212.62918922887
Auvergne-Rhône-Alpes,2015,December,9005.501237485585
Auvergne-Rhône-Alpes,2016,January,9658.298643721631
Auvergne-Rhône-Alpes,2016,February,9280.611822971288
Auvergne-Rhône-Alpes,2016,March,8293.025744818078
Auvergne-Rhône-Alpes,2016,April,7134.35561272941
Auvergne-Rhône-Alpes,2016,May,6480.390712120204
Auvergne-Rhône-Alpes,2016,June,6412.555534456869
Auvergne-Rhône-Alpes,2016,July,6474.660018049716
Auvergne-Rhône-Alpes,2016,August,5882.405387027635
Auvergne-Rhône-Alpes,2016,September,6423.62782672664
Auvergne-Rhône-Alpes,2016,October,7006.479469252255
Auvergne-Rhône-Alpes,2016,November,8212.62918922887
Auvergne-Rhône-Alpes,2016,December,9005.501237485585
Auvergne-Rhône-Alpes,2017,January,9658.298643721631
Auvergne-Rhône-Alpes,2017,February,9280.611822971288
Auvergne-Rhône-Alpes,2017,March,8293.025744818078
Auvergne-Rhône-Alpes,2017,April,7134.35561272941
Auvergne-Rhône-Alpes,2017,May,6480.390712120204
Auvergne-Rhône-Alpes,2017,June,6412.555534456869
Auvergne-Rhône-Alpes,2017,July,6474.660018049716
Auvergne-Rhône-Alpes,2017,August,5882.405387027635
Auvergne-Rhône-Alpes,2017,September,6423.62782672664
Auvergne-Rhône-Alpes,2017,October,7006.479469252255
Auvergne-Rhône-Alpes,2017,November,8212.62918922887
Auvergne-Rhône-Alpes,2017,December,9005.501237485585
Auvergne-Rhône-Alpes,2018,January,9658.298643721631
Auvergne-Rhône-Alpes,2018,February,9280.611822971288
Auvergne-Rhône-Alpes,2018,March,8293.025744818078
Auvergne-Rhône-Alpes,2018,April,7134.35561272941
Auvergne-Rhône-Alpes,2018,May,6480.390712120204
Auvergne-Rhône-Alpes,2018,June,6412.555534456869
Auvergne-Rhône-Alpes,2018,July,6474.660018049716
Auvergne-Rhône-Alpes,2018,August,5882.405387027635
Auvergne-Rhône-Alpes,2018,September,6423.62782672664
Auvergne-Rhône-Alpes,2018,October,7006.479469252255
Auvergne-Rhône-Alpes,2018,November,8212.62918922887
Auvergne-Rhône-Alpes,2018,December,9005.501237485585
Auvergne-Rhône-Alpes,2019,January,9658.298643721631
Auvergne-Rhône-Alpes,2019,February,9280.611822971288
Auvergne-Rhône-Alpes,2019,March,8293.025744818078
Auvergne-Rhône-Alpes,2019,April,7134.35561272941
Auvergne-Rhône-Alpes,2019,May,6480.390712120204
Auvergne-Rhône-Alpes,2019,June,6412.555534456869
Auvergne-Rhône-Alpes,2019,July,6474.660018049716
Auvergne-Rhône-Alpes,2019,August,5882.405387027635
Auvergne-Rhône-Alpes,2019,September,6423.62782672664
Auvergne-Rhône-Alpes,2019,October,7006.479469252255
Auvergne-Rhône-Alpes,2019,November,8212.62918922887
Auvergne-Rhône-Alpes,2019,December,9005.501237485585
Auvergne-Rhône-Alpes,2020,January,9658.298643721631
Auvergne-Rhône-Alpes,2020,February,9280.611822971288
Auvergne-Rhône-Alpes,2020,March,8293.025744818078
Auvergne-Rhône-Alpes,2020,April,7134.35561272941
Auvergne-Rhône-Alpes,2020,May,6480.390712120204
Auvergne-Rhône-Alpes,2020,June,6412.555534456869
Auvergne-Rhône-Alpes,2020,July,6474.660018049716
Auvergne-Rhône-Alpes,2020,August,5882.405387027635
Auvergne-Rhône-Alpes,2020,September,6423.62782672664
Auvergne-Rhône-Alpes,2020,October,7006.479469252255
Auvergne-Rhône-Alpes,2020,November,8212.62918922887
Auvergne-Rhône-Alpes,2020,December,9005.501237485585
Auvergne-Rhône-Alpes,2021,January,9658.298643721631
Auvergne-Rhône-Alpes,2021,February,9280.611822971288
Auvergne-Rhône-Alpes,2021,March,8293.025744818078
Auvergne-Rhône-Alpes,2021,April,7134.35561272941
Auvergne-Rhône-Alpes,2021,May,6480.390712120204
Auvergne-Rhône-Alpes,2021,June,6412.555534456869
Auvergne-Rhône-Alpes,2021,July,6474.660018049716
Auvergne-Rhône-Alpes,2021,August,5882.405387027635
Auvergne-Rhône-Alpes,2021,September,6423.62782672664
Auvergne-Rhône-Alpes,2021,October,7006.479469252255
Auvergne-Rhône-Alpes,2021,November,8212.62918922887
Auvergne-Rhône-Alpes,2021,December,9005.501237485585
Auvergne-Rhône-Alpes,2022,January,9658.298643721631
Auvergne-Rhône-Alpes,2022,February,9280.611822971288
Auvergne-Rhône-Alpes,2022,March,8293.025744818078
Auvergne-Rhône-Alpes,2022,April,7134.35561272941
Auvergne-Rhône-Alpes,2022,May,6480.390712120204
Grand Est,2013,January,6387.607629736058
Grand Est,2013,February,6297.254927961024
Grand Est,2013,March,5705.528703781407
Grand Est,2013,April,4938.864449470718
Grand Est,2013,May,4517.523923527748
Grand Est,2013,June,4513.17998686144
Grand Est,2013,July,4437.683601152139
Grand Est,2013,August,4012.9437788359305
Grand Est,2013,September,4571.730009647712
Grand Est,2013,October,5101.657530650305
Grand Est,2013,November,5798.012388738686
Grand Est,2013,December,5971.501359323033
Grand Est,2014,January,6387.607629736058
Grand Est,2014,February,6297.254927961024
Grand Est,2014,March,5705.528703781407
Grand Est,2014,April,4938.864449470718
Grand Est,2014,May,4517.523923527748
Grand Est,2014,June,4513.17998686144
Grand Est,2014,July,4437.683601152139
Grand Est,2014,August,4012.9437788359305
Grand Est,2014,September,4571.730009647712
Grand Est,2014,October,5101.657530650305
Grand Est,2014,November,5798.012388738686
Grand Est,2014,December,5971.501359323033
Grand Est,2015,January,6387.607629736058
Grand Est,2015,February,6297.254927961024
Grand Est,2015,March,5705.528703781407
Grand Est,2015,April,4938.864449470718
Grand Est,2015,May,4517.523923527748
Grand Est,2015,June,4513.17998686144
Grand Est,2015,July,4437.683601152139
Grand Est,2015,August,4012.9437788359305
Grand Est,2015,September,4571.730009647712
Grand Est,2015,October,5101.657530650305
Grand Est,2015,November,5798.012388738686
Grand Est,2015,December,5971.501359323033
Grand Est,2016,January,6387.607629736058
Grand Est,2016,February,6297.254927961023
Grand Est,2016,March,5705.528703781407
Grand Est,2016,April,4938.864449470718
Grand Est,2016,May,4517.523923527748
Grand Est,2016,June,4513.17998686144
Grand Est,2016,July,4437.683601152139
Grand Est,2016,August,4012.9437788359305
Grand Est,2016,September,4571.730009647712
Grand Est,2016,October,5101.657530650305
Grand Est,2016,November,5798.012388738686
Grand Est,2016,December,5971.501359323033
Grand Est,2017,January,6387.607629736058
Grand Est,2017,February,6297.254927961024
Grand Est,2017,March,5705.528703781407
Grand Est,2017,April,4938.864449470718
Grand Est,2017,May,4517.523923527748
Grand Est,2017,June,4513.17998686144
Grand Est,2017,July,4437.683601152139
Grand Est,2017,August,4012.9437788359305
Grand Est,2017,September,4571.730009647712
Grand Est,2017,October,5101.657530650305
Grand Est,2017,November,5798.012388738686
Grand Est,2017,December,5971.501359323033
Grand Est,2018,January,6387.607629736058
Grand Est,2018,February,6297.254927961024
Grand Est,2018,March,5705.528703781407
Grand Est,2018,April,4938.864449470718
Grand Est,2018,May,4517.523923527748
Grand Est,2018,June,4513.17998686144
Grand Est,2018,July,4437.683601152139
Grand Est,2018,August,4012.9437788359305
Grand Est,2018,September,4571.730009647712
Grand Est,2018,October,5101.657530650305
Grand Est,2018,November,5798.012388738686
Grand Est,2018,December,5971.501359323033
Grand Est,2019,January,6387.607629736058
Grand Est,2019,February,6297.254927961024
Grand Est,2019,March,5705.528703781407
Grand Est,2019,April,4938.864449470718
Grand Est,2019,May,4517.523923527748
Grand Est,2019,June,4513.17998686144
Grand Est,2019,July,4437.683601152139
Grand Est,2019,August,4012.9437788359305
Grand Est,2019,September,4571.730009647712
Grand Est,2019,October,5101.657530650305
Grand Est,2019,November,5798.012388738686
Grand Est,2019,December,5971.501359323033
Grand Est,2020,January,6387.607629736058
Grand Est,2020,February,6297.254927961023
Grand Est,2020,March,5705.528703781407
Grand Est,2020,April,4938.864449470718
Grand Est,2020,May,4517.523923527748
Grand Est,2020,June,4513.17998686144
Grand Est,2020,July,4437.683601152139
Grand Est,2020,August,4012.9437788359305
Grand Est,2020,September,4571.730009647712
Grand Est,2020,October,5101.657530650305
Grand Est,2020,November,5798.012388738686
Grand Est,2020,December,5971.501359323033
Grand Est,2021,January,6387.607629736058
Grand Est,2021,February,6297.254927961024
Grand Est,2021,March,5705.528703781407
Grand Est,2021,April,4938.864449470718
Grand Est,2021,May,4517.523923527748
Grand Est,2021,June,4513.17998686144
Grand Est,2021,July,4437.683601152139
Grand Est,2021,August,4012.9437788359305
Grand Est,2021,September,4571.730009647712
Grand Est,2021,October,5101.657530650305
Grand Est,2021,November,5798.012388738686
Grand Est,2021,December,5971.501359323033
Grand Est,2022,January,6387.607629736058
Grand Est,2022,February,6297.254927961024
Grand Est,2022,March,5705.528703781407
Grand Est,2022,April,4938.864449470718
Grand Est,2022,May,4517.523923527748
Provence-Alpes-Côte d'Azur,2013,January,5963.067149681488
Provence-Alpes-Côte d'Azur,2013,February,5702.372346238303
Provence-Alpes-Côte d'Azur,2013,March,5036.028243238057
Provence-Alpes-Côte d'Azur,2013,April,4287.426186250485
Provence-Alpes-Côte d'Azur,2013,May,3897.788265768758
Provence-Alpes-Côte d'Azur,2013,June,3993.593228785168
Provence-Alpes-Côte d'Azur,2013,July,4342.439342912701
Provence-Alpes-Côte d'Azur,2013,August,4181.244563894064
Provence-Alpes-Côte d'Azur,2013,September,4003.4444001494926
Provence-Alpes-Côte d'Azur,2013,October,4055.706649300303
Provence-Alpes-Côte d'Azur,2013,November,4935.436978945753
Provence-Alpes-Côte d'Azur,2013,December,5625.463193045252
Provence-Alpes-Côte d'Azur,2014,January,5963.067149681488
Provence-Alpes-Côte d'Azur,2014,February,5702.372346238303
Provence-Alpes-Côte d'Azur,2014,March,5036.028243238057
Provence-Alpes-Côte d'Azur,2014,April,4287.426186250485
Provence-Alpes-Côte d'Azur,2014,May,3897.788265768758
Provence-Alpes-Côte d'Azur,2014,June,3993.593228785168
Provence-Alpes-Côte d'Azur,2014,July,4342.439342912701
Provence-Alpes-Côte d'Azur,2014,August,4181.244563894064
Provence-Alpes-Côte d'Azur,2014,September,4003.4444001494926
Provence-Alpes-Côte d'Azur,2014,October,4055.706649300303
Provence-Alpes-Côte d'Azur,2014,November,4935.436978945753
Provence-Alpes-Côte d'Azur,2014,December,5625.463193045252
Provence-Alpes-Côte d'Azur,2015,January,5963.067149681488
Provence-Alpes-Côte d'Azur,2015,February,5702.372346238303
Provence-Alpes-Côte d'Azur,2015,March,5036.028243238057
Provence-Alpes-Côte d'Azur,2015,April,4287.426186250485
Provence-Alpes-Côte d'Azur,2015,May,3897.788265768758
Provence-Alpes-Côte d'Azur,2015,June,3993.593228785168
Provence-Alpes-Côte d'Azur,2015,July,4342.439342912701
Provence-Alpes-Côte d'Azur,2015,August,4181.244563894064
Provence-Alpes-Côte d'Azur,2015,September,4003.4444001494926
Provence-Alpes-Côte d'Azur,2015,October,4055.706649300303
Provence-Alpes-Côte d'Azur,2015,November,4935.436978945753
Provence-Alpes-Côte d'Azur,2015,December,5625.463193045252
Provence-Alpes-Côte d'Azur,2016,January,5963.067149681488
Provence-Alpes-Côte d'Azur,2016,February,5702.372346238303
Provence-Alpes-Côte d'Azur,2016,March,5036.028243238057
Provence-Alpes-Côte d'Azur,2016,April,4287.426186250485
Provence-Alpes-Côte d'Azur,2016,May,3897.788265768758
Provence-Alpes-Côte d'Azur,2016,June,3993.593228785168
Provence-Alpes-Côte d'Azur,2016,July,4342.439342912701
Provence-Alpes-Côte d'Azur,2016,August,4181.244563894064
Provence-Alpes-Côte d'Azur,2016,September,4003.4444001494926
Provence-Alpes-Côte d'Azur,2016,October,4055.706649300303
Provence-Alpes-Côte d'Azur,2016,November,4935.436978945753
Provence-Alpes-Côte d'Azur,2016,December,5625.463193045252
Provence-Alpes-Côte d'Azur,2017,January,5963.067149681488
Provence-Alpes-Côte d'Azur,2017,February,5702.372346238303
Provence-Alpes-Côte d'Azur,2017,March,5036.028243238057
Provence-Alpes-Côte d'Azur,2017,April,4287.426186250485
Provence-Alpes-Côte d'Azur,2017,May,3897.788265768758
Provence-Alpes-Côte d'Azur,2017,June,3993.593228785168
Provence-Alpes-Côte d'Azur,2017,July,4342.439342912701
Provence-Alpes-Côte d'Azur,2017,August,4181.244563894064
Provence-Alpes-Côte d'Azur,2017,September,4003.4444001494926
Provence-Alpes-Côte d'Azur,2017,October,4055.706649300303
Provence-Alpes-Côte d'Azur,2017,November,4935.436978945753
Provence-Alpes-Côte d'Azur,2017,December,5625.463193045252
Provence-Alpes-Côte d'Azur,2018,January,5963.067149681488
Provence-Alpes-Côte d'Azur,2018,February,5702.372346238303
Provence-Alpes-Côte d'Azur,2018,March,5036.028243238057
Provence-Alpes-Côte d'Azur,2018,April,4287.426186250485
Provence-Alpes-Côte d'Azur,2018,May,3897.788265768758
Provence-Alpes-Côte d'Azur,2018,June,3993.593228785168
Provence-Alpes-Côte d'Azur,2018,July,4342.439342912701
Provence-Alpes-Côte d'Azur,2018,August,4181.244563894064
Provence-Alpes-Côte d'Azur,2018,September,4003.4444001494926
Provence-Alpes-Côte d'Azur,2018,October,4055.706649300303
Provence-Alpes-Côte d'Azur,2018,November,4935.436978945753
Provence-Alpes-Côte d'Azur,2018,December,5625.463193045252
Provence-Alpes-Côte d'Azur,2019,January,5963.067149681488
Provence-Alpes-Côte d'Azur,2019,February,5702.372346238303
Provence-Alpes-Côte d'Azur,2019,March,5036.028243238057
Provence-Alpes-Côte d'Azur,2019,April,4287.426186250485
Provence-Alpes-Côte d'Azur,2019,May,3897.788265768758
Provence-Alpes-Côte d'Azur,2019,June,3993.593228785168
Provence-Alpes-Côte d'Azur,2019,July,4342.439342912701
Provence-Alpes-Côte d'Azur,2019,August,4181.244563894064
Provence-Alpes-Côte d'Azur,2019,September,4003.4444001494926
Provence-Alpes-Côte d'Azur,2019,October,4055.706649300303
Provence-Alpes-Côte d'Azur,2019,November,4935.436978945753
Provence-Alpes-Côte d'Azur,2019,December,5625.463193045252
Provence-Alpes-Côte d'Azur,2020,January,5963.067149681488
Provence-Alpes-Côte d'Azur,2020,February,5702.372346238303
Provence-Alpes-Côte d'Azur,2020,March,5036.028243238057
Provence-Alpes-Côte d'Azur,2020,April,4287.426186250485
Provence-Alpes-Côte d'Azur,2020,May,3897.788265768758
Provence-Alpes-Côte d'Azur,2020,June,3993.593228785168
Provence-Alpes-Côte d'Azur,2020,July,4342.439342912701
Provence-Alpes-Côte d'Azur,2020,August,4181.244563894064
Provence-Alpes-Côte d'Azur,2020,September,4003.4444001494926
Provence-Alpes-Côte d'Azur,2020,October,4055.706649300303
Provence-Alpes-Côte d'Azur,2020,November,4935.436978945753
Provence-Alpes-Côte d'Azur,2020,December,5625.463193045252
Provence-Alpes-Côte d'Azur,2021,January,5963.067149681488
Provence-Alpes-Côte d'Azur,2021,February,5702.372346238303
Provence-Alpes-Côte d'Azur,2021,March,5036.028243238057
Provence-Alpes-Côte d'Azur,2021,April,4287.426186250485
Provence-Alpes-Côte d'Azur,2021,May,3897.788265768758
Provence-Alpes-Côte d'Azur,2021,June,3993.593228785168
Provence-Alpes-Côte d'Azur,2021,July,4342.439342912701
Provence-Alpes-Côte d'Azur,2021,August,4181.244563894064
Provence-Alpes-Côte d'Azur,2021,September,4003.4444001494926
Provence-Alpes-Côte d'Azur,2021,October,4055.706649300303
Provence-Alpes-Côte d'Azur,2021,November,4935.436978945753
Provence-Alpes-Côte d'Azur,2021,December,5625.463193045252
Provence-Alpes-Côte d'Azur,2022,January,5963.067149681488
Provence-Alpes-Côte d'Azur,2022,February,5702.372346238303
Provence-Alpes-Côte d'Azur,2022,March,5036.028243238057
Provence-Alpes-Côte d'Azur,2022,April,4287.426186250485
Provence-Alpes-Côte d'Azur,2022,May,3897.788265768758
Occitanie,2013,January,5788.155624184897
Occitanie,2013,February,5344.291881417868
Occitanie,2013,March,4667.219494153681
Occitanie,2013,April,3936.139734324111
Occitanie,2013,May,3494.922992529614
Occitanie,2013,June,3481.8218970260414
Occitanie,2013,July,3793.624630847068
Occitanie,2013,August,3614.3281756198417
Occitanie,2013,September,3532.3980773534663
Occitanie,2013,October,3705.985902419021
Occitanie,2013,November,4664.25073596317
Occitanie,2013,December,5383.351503761705
Occitanie,2014,January,5788.155624184897
Occitanie,2014,February,5344.291881417868
Occitanie,2014,March,4667.219494153681
Occitanie,2014,April,3936.139734324111
Occitanie,2014,May,3494.922992529614
Occitanie,2014,June,3481.8218970260414
Occitanie,2014,July,3793.624630847068
Occitanie,2014,August,3614.3281756198417
Occitanie,2014,September,3532.3980773534663
Occitanie,2014,October,3705.985902419021
Occitanie,2014,November,4664.25073596317
Occitanie,2014,December,5383.351503761705
Occitanie,2015,January,5788.155624184897
Occitanie,2015,February,5344.291881417868
Occitanie,2015,March,4667.219494153681
Occitanie,2015,April,3936.139734324111
Occitanie,2015,May,3494.922992529614
Occitanie,2015,June,3481.8218970260414
Occitanie,2015,July,3793.624630847068
Occitanie,2015,August,3614.3281756198417
Occitanie,2015,September,3532.3980773534663
Occitanie,2015,October,3705.985902419021
Occitanie,2015,November,4664.25073596317
Occitanie,2015,December,5383.351503761705
Occitanie,2016,January,5788.155624184897
Occitanie,2016,February,5344.291881417867
Occitanie,2016,March,4667.219494153681
Occitanie,2016,April,3936.139734324111
Occitanie,2016,May,3494.922992529614
Occitanie,2016,June,3481.8218970260414
Occitanie,2016,July,3793.624630847068
Occitanie,2016,August,3614.3281756198417
Occitanie,2016,September,3532.3980773534663
Occitanie,2016,October,3705.985902419021
Occitanie,2016,November,4664.25073596317
Occitanie,2016,December,5383.351503761705
Occitanie,2017,January,5788.155624184897
Occitanie,2017,February,5344.291881417868
Occitanie,2017,March,4667.219494153681
Occitanie,2017,April,3936.139734324111
Occitanie,2017,May,3494.922992529614
Occitanie,2017,June,3481.8218970260414
Occitanie,2017,July,3793.624630847068
Occitanie,2017,August,3614.3281756198417
Occitanie,2017,September,3532.3980773534663
Occitanie,2017,October,3705.985902419021
Occitanie,2017,November,4664.25073596317
Occitanie,2017,December,5383.351503761705
Occitanie,2018,January,5788.155624184897
Occitanie,2018,February,5344.291881417868
Occitanie,2018,March,4667.219494153681
Occitanie,2018,April,3936.139734324111
Occitanie,2018,May,3494.922992529614
Occitanie,2018,June,3481.8218970260414
Occitanie,2018,July,3793.624630847068
Occitanie,2018,August,3614.3281756198417
Occitanie,2018,September,3532.3980773534663
Occitanie,2018,October,3705.985902419021
Occitanie,2018,November,4664.25073596317
Occitanie,2018,December,5383.351503761705
Occitanie,2019,January,5788.155624184897
Occitanie,2019,February,5344.291881417868
Occitanie,2019,March,4667.219494153681
Occitanie,2019,April,3936.139734324111
Occitanie,2019,May,3494.922992529614
Occitanie,2019,June,3481.8218970260414
Occitanie,2019,July,3793.624630847068
Occitanie,2019,August,3614.3281756198417
Occitanie,2019,September,3532.3980773534663
Occitanie,2019,October,3705.985902419021
Occitanie,2019,November,4664.25073596317
Occitanie,2019,December,5383.351503761705
Occitanie,2020,January,5788.155624184897
Occitanie,2020,February,5344.291881417867
Occitanie,2020,March,4667.219494153681
Occitanie,2020,April,3936.139734324111
Occitanie,2020,May,3494.922992529614
Occitanie,2020,June,3481.8218970260414
Occitanie,2020,July,3793.624630847068
Occitanie,2020,August,3614.3281756198417
Occitanie,2020,September,3532.3980773534663
Occitanie,2020,October,3705.985902419021
Occitanie,2020,November,4664.25073596317
Occitanie,2020,December,5383.351503761705
Occitanie,2021,January,5788.155624184897
Occitanie,2021,February,5344.291881417868
Occitanie,2021,March,4667.219494153681
Occitanie,2021,April,3936.139734324111
Occitanie,2021,May,3494.922992529614
Occitanie,2021,June,3481.8218970260414
Occitanie,2021,July,3793.624630847068
Occitanie,2021,August,3614.3281756198417
Occitanie,2021,September,3532.3980773534663
Occitanie,2021,October,3705.985902419021
Occitanie,2021,November,4664.25073596317
Occitanie,2021,December,5383.351503761705
Occitanie,2022,January,5788.155624184897
Occitanie,2022,February,5344.291881417868
Occitanie,2022,March,4667.219494153681
Occitanie,2022,April,3936.139734324111
Occitanie,2022,May,3494.922992529614
Pays de la Loire,2013,January,4073.057689510831
Pays de la Loire,2013,February,3950.4014256674936
Pays de la Loire,2013,March,3511.1638832315807
Pays de la Loire,2013,April,2939.5024405745776
Pays de la Loire,2013,May,2547.259472259204
Pays de la Loire,2013,June,2547.259472259204
Pays de la Loire,2013,July,2547.259472259204
Pays de la Loire,2013,August,2430.8167825750056
Pays de la Loire,2013,September,2430.8167825750056
Pays de la Loire,2013,October,2815.3120498010103
Pays de la Loire,2013,November,3457.4440967537457
Pays de la Loire,2013,December,3787.461359244488
Pays de la Loire,2014,January,4073.057689510831
Pays de la Loire,2014,February,3950.4014256674936
Pays de la Loire,2014,March,3511.1638832315807
Pays de la Loire,2014,April,2939.5024405745776
Pays de la Loire,2014,May,2547.259472259204
Pays de la Loire,2014,June,2547.259472259204
Pays de la Loire,2014,July,2547.259472259204
Pays de la Loire,2014,August,2430.8167825750056
Pays de la Loire,2014,September,2430.8167825750056
Pays de la Loire,2014,October,2815.3120498010103
Pays de la Loire,2014,November,3457.4440967537457
Pays de la Loire,2014,December,3787.461359244488
Pays de la Loire,2015,January,4073.057689510831
Pays de la Loire,2015,February,3950.4014256674936
Pays de la Loire,2015,March,3511.1638832315807
Pays de la Loire,2015,April,2939.5024405745776
Pays de la Loire,2015,May,2547.259472259204
Pays de la Loire,2015,June,2547.259472259204
Pays de la Loire,2015,July,2547.259472259204
Pays de la Loire,2015,August,2430.8167825750056
Pays de la Loire,2015,September,2430.8167825750056
Pays de la Loire,2015,October,2815.3120498010103
Pays de la Loire,2015,November,3457.4440967537457
Pays de la Loire,2015,December,3787.461359244488
Pays de la Loire,2016,January,4073.057689510831
Pays de la Loire,2016,February,3950.4014256674936
Pays de la Loire,2016,March,3511.1638832315807
Pays de la Loire,2016,April,2939.5024405745776
Pays de la Loire,2016,May,2547.259472259204
Pays de la Loire,2016,June,2547.259472259204
Pays de la Loire,2016,July,2547.259472259204
Pays de la Loire,2016,August,2430.8167825750056
Pays de la Loire,2016,September,2430.8167825750056
Pays de la Loire,2016,October,2815.3120498010103
Pays de la Loire,2016,November,3457.4440967537457
Pays de la Loire,2016,December,3787.461359244488
Pays de la Loire,2017,January,4073.057689510831
Pays de la Loire,2017,February,3950.4014256674936
Pays de la Loire,2017,March,3511.1638832315807
Pays de la Loire,2017,April,2939.5024405745776
Pays de la Loire,2017,May,2547.259472259204
Pays de la Loire,2017,June,2547.259472259204
Pays de la Loire,2017,July,2547.259472259204
Pays de la Loire,2017,August,2430.8167825750056
Pays de la Loire,2017,September,2430.8167825750056
Pays de la Loire,2017,October,2815.3120498010103
Pays de la Loire,2017,November,3457.4440967537457
Pays de la Loire,2017,December,3787.461359244488
Pays de la Loire,2018,January,4073.057689510831
Pays de la Loire,2018,February,3950.4014256674936
Pays de la Loire,2018,March,3511.1638832315807
Pays de la Loire,2018,April,2939.5024405745776
Pays de la Loire,2018,May,2547.259472259204
Pays de la Loire,2018,June,2547.259472259204
Pays de la Loire,2018,July,2547.259472259204
Pays de la Loire,2018,August,2430.8167825750056
Pays de la Loire,2018,September,2430.8167825750056
Pays de la Loire,2018,October,2815.3120498010103
Pays de la Loire,2018,November,3457.4440967537457
Pays de la Loire,2018,December,3787.461359244488
Pays de la Loire,2019,January,4073.057689510831
Pays de la Loire,2019,February,3950.4014256674936
Pays de la Loire,2019,March,3511.1638832315807
Pays de la Loire,2019,April,2939.5024405745776
Pays de la Loire,2019,May,2547.259472259204
Pays de la Loire,2019,June,2547.259472259204
Pays de la Loire,2019,July,2547.259472259204
Pays de la Loire,2019,August,2430.8167825750056
Pays de la Loire,2019,September,2430.8167825750056
Pays de la Loire,2019,October,2815.3120498010103
Pays de la Loire,2019,November,3457.4440967537457
Pays de la Loire,2019,December,3787.461359244488
Pays de la Loire,2020,January,4073.057689510831
Pays de la Loire,2020,February,3950.4014256674936
Pays de la Loire,2020,March,3511.1638832315807
Pays de la Loire,2020,April,2939.5024405745776
Pays de la Loire,2020,May,2547.259472259204
Pays de la Loire,2020,June,2547.259472259204
Pays de la Loire,2020,July,2547.259472259204
Pays de la Loire,2020,August,2430.8167825750056
Pays de la Loire,2020,September,2430.8167825750056
Pays de la Loire,2020,October,2815.3120498010103
Pays de la Loire,2020,November,3457.4440967537457
Pays de la Loire,2020,December,3787.461359244488
Pays de la Loire,2021,January,4073.057689510831
Pays de la Loire,2021,February,3950.4014256674936
Pays de la Loire,2021,March,3511.1638832315807
Pays de la Loire,2021,April,2939.5024405745776
Pays de la Loire,2021,May,2547.259472259204
Pays de la Loire,2021,June,2547.259472259204
Pays de la Loire,2021,July,2547.259472259204
Pays de la Loire,2021,August,2430.8167825750056
Pays de la Loire,2021,September,2430.8167825750056
Pays de la Loire,2021,October,2815.3120498010103
Pays de la Loire,2021,November,3457.4440967537457
Pays de la Loire,2021,December,3787.461359244488
Pays de la Loire,2022,January,4073.057689510831
Pays de la Loire,2022,February,3950.4014256674936
Pays de la Loire,2022,March,3511.1638832315807
Pays de la Loire,2022,April,2939.5024405745776
Pays de la Loire,2022,May,2547.259472259204
Centre-Val de Loire,2013,January,2892.356279972068
Centre-Val de Loire,2013,February,2805.042483915489
Centre-Val de Loire,2013,March,2456.015605105964
Centre-Val de Loire,2013,April,2027.193091873564
Centre-Val de Loire,2013,May,1773.5569650386346
Centre-Val de Loire,2013,June,1698.5566572848634
Centre-Val de Loire,2013,July,1729.411641416984
Centre-Val de Loire,2013,August,1619.1410590119758
Centre-Val de Loire,2013,September,1726.7828328786516
Centre-Val de Loire,2013,October,1951.7158489291287
Centre-Val de Loire,2013,November,2423.770245856296
Centre-Val de Loire,2013,December,2710.6984250742066
Centre-Val de Loire,2014,January,2892.356279972068
Centre-Val de Loire,2014,February,2805.042483915489
Centre-Val de Loire,2014,March,2456.015605105964
Centre-Val de Loire,2014,April,2027.193091873564
Centre-Val de Loire,2014,May,1773.5569650386346
Centre-Val de Loire,2014,June,1698.5566572848634
Centre-Val de Loire,2014,July,1729.411641416984
Centre-Val de Loire,2014,August,1619.1410590119758
Centre-Val de Loire,2014,September,1726.7828328786516
Centre-Val de Loire,2014,October,1951.7158489291287
Centre-Val de Loire,2014,November,2423.770245856296
Centre-Val de Loire,2014,December,2710.6984250742066
Centre-Val de Loire,2015,January,2892.356279972068
Centre-Val de Loire,2015,February,2805.042483915489
Centre-Val de Loire,2015,March,2456.015605105964
Centre-Val de Loire,2015,April,2027.193091873564
Centre-Val de Loire,2015,May,1773.5569650386346
Centre-Val de Loire,2015,June,1698.5566572848634
Centre-Val de Loire,2015,July,1729.411641416984
Centre-Val de Loire,2015,August,1619.1410590119758
Centre-Val de Loire,2015,September,1726.7828328786516
Centre-Val de Loire,2015,October,1951.7158489291287
Centre-Val de Loire,2015,November,2423.770245856296
Centre-Val de Loire,2015,December,2710.6984250742066
Centre-Val de Loire,2016,January,2892.356279972068
Centre-Val de Loire,2016,February,2805.042483915489
Centre-Val de Loire,2016,March,2456.015605105964
Centre-Val de Loire,2016,April,2027.193091873564
Centre-Val de Loire,2016,May,1773.5569650386346
Centre-Val de Loire,2016,June,1698.5566572848634
Centre-Val de Loire,2016,July,1729.411641416984
Centre-Val de Loire,2016,August,1619.1410590119758
Centre-Val de Loire,2016,September,1726.7828328786516
Centre-Val de Loire,2016,October,1951.7158489291287
Centre-Val de Loire,2016,November,2423.770245856296
Centre-Val de Loire,2016,December,2710.6984250742066
Centre-Val de Loire,2017,January,2892.356279972068
Centre-Val de Loire,2017,February,2805.042483915489
Centre-Val de Loire,2017,March,2456.015605105964
Centre-Val de Loire,2017,April,2027.193091873564
Centre-Val de Loire,2017,May,1773.5569650386346
Centre-Val de Loire,2017,June,1698.5566572848634
Centre-Val de Loire,2017,July,1729.411641416984
Centre-Val de Loire,2017,August,1619.1410590119758
Centre-Val de Loire,2017,September,1726.7828328786516
Centre-Val de Loire,2017,October,1951.7158489291287
Centre-Val de Loire,2017,November,2423.770245856296
Centre-Val de Loire,2017,December,2710.6984250742066
Centre-Val de Loire,2018,January,2892.356279972068
Centre-Val de Loire,2018,February,2805.042483915489
Centre-Val de Loire,2018,March,2456.015605105964
Centre-Val de Loire,2018,April,2027.193091873564
Centre-Val de Loire,2018,May,1773.5569650386346
Centre-Val de Loire,2018,June,1698.5566572848634
Centre-Val de Loire,2018,July,1729.411641416984
Centre-Val de Loire,2018,August,1619.1410590119758
Centre-Val de Loire,2018,September,1726.7828328786516
Centre-Val de Loire,2018,October,1951.7158489291287
Centre-Val de Loire,2018,November,2423.770245856296
Centre-Val de Loire,2018,December,2710.6984250742066
Centre-Val de Loire,2019,January,2892.356279972068
Centre-Val de Loire,2019,February,2805.042483915489
Centre-Val de Loire,2019,March,2456.015605105964
Centre-Val de Loire,2019,April,2027.193091873564
Centre-Val de Loire,2019,May,1773.5569650386346
Centre-Val de Loire,2019,June,1698.5566572848634
Centre-Val de Loire,2019,July,1729.411641416984
Centre-Val de Loire,2019,August,1619.1410590119758
Centre-Val de Loire,2019,September,1726.7828328786516
Centre-Val de Loire,2019,October,1951.7158489291287
Centre-Val de Loire,2019,November,2423.770245856296
Centre-Val de Loire,2019,December,2710.6984250742066
Centre-Val de Loire,2020,January,2892.356279972068
Centre-Val de Loire,2020,February,2805.042483915489
Centre-Val de Loire,2020,March,2456.015605105964
Centre-Val de Loire,2020,April,2027.193091873564
Centre-Val de Loire,2020,May,1773.5569650386346
Centre-Val de Loire,2020,June,1698.5566572848634
Centre-Val de Loire,2020,July,1729.411641416984
Centre-Val de Loire,2020,August,1619.1410590119758
Centre-Val de Loire,2020,September,1726.7828328786516
Centre-Val de Loire,2020,October,1951.7158489291287
Centre-Val de Loire,2020,November,2423.770245856296
Centre-Val de Loire,2020,December,2710.6984250742066
Centre-Val de Loire,2021,January,2892.356279972068
Centre-Val de Loire,2021,February,2805.042483915489
Centre-Val de Loire,2021,March,2456.015605105964
Centre-Val de Loire,2021,April,2027.193091873564
Centre-Val de Loire,2021,May,1773.5569650386346
Centre-Val de Loire,2021,June,1698.5566572848634
Centre-Val de Loire,2021,July,1729.411641416984
Centre-Val de Loire,2021,August,1619.1410590119758
Centre-Val de Loire,2021,September,1726.7828328786516
Centre-Val de Loire,2021,October,1951.7158489291287
Centre-Val de Loire,2021,November,2423.770245856296
Centre-Val de Loire,2021,December,2710.6984250742066
Centre-Val de Loire,2022,January,2892.356279972068
Centre-Val de Loire,2022,February,2805.042483915489
Centre-Val de Loire,2022,March,2456.015605105964
Centre-Val de Loire,2022,April,2027.193091873564
Centre-Val de Loire,2022,May,1773.5569650386346
